year,district_code,district_name,births
1993,11,Rathaus,26
1993,12,Hochschulen,4
1993,13,Lindenhof,9
1993,14,City,5
1993,21,Wollishofen,159
1993,23,Leimbach,36
1993,24,Enge,90
1993,31,Alt-Wiedikon,163
1993,33,Friesenberg,73
1993,34,Sihlfeld,232
1993,41,Werd,45
1993,42,Langstrasse,126
1993,44,Hard,147
1993,51,Gewerbeschule,101
1993,52,Escher Wyss,15
1993,61,Unterstrass,199
1993,63,Oberstrass,98
1993,71,Fluntern,60
1993,72,Hottingen,88
1993,73,Hirslanden,40
1993,74,Witikon,74
1993,81,Seefeld,52
1993,82,Mühlebach,35
1993,83,Weinegg,43
1993,91,Albisrieden,153
1993,92,Altstetten,239
1993,101,Höngg,166
1993,102,Wipkingen,152
1993,111,Affoltern,167
1993,115,Oerlikon,182
1993,119,Seebach,180
1993,121,Saatlen,61
1993,122,Schwamendingen-Mitte,95
1993,123,Hirzenbach,85
1994,11,Rathaus,17
1994,12,Hochschulen,1
1994,13,Lindenhof,4
1994,14,City,6
1994,21,Wollishofen,120
1994,23,Leimbach,39
1994,24,Enge,82
1994,31,Alt-Wiedikon,182
1994,33,Friesenberg,55
1994,34,Sihlfeld,226
1994,41,Werd,56
1994,42,Langstrasse,136
1994,44,Hard,155
1994,51,Gewerbeschule,127
1994,52,Escher Wyss,18
1994,61,Unterstrass,197
1994,63,Oberstrass,76
1994,71,Fluntern,60
1994,72,Hottingen,106
1994,73,Hirslanden,49
1994,74,Witikon,79
1994,81,Seefeld,44
1994,82,Mühlebach,48
1994,83,Weinegg,45
1994,91,Albisrieden,143
1994,92,Altstetten,282
1994,101,Höngg,186
1994,102,Wipkingen,188
1994,111,Affoltern,162
1994,115,Oerlikon,166
1994,119,Seebach,182
1994,121,Saatlen,52
1994,122,Schwamendingen-Mitte,100
1994,123,Hirzenbach,94
1995,11,Rathaus,18
1995,12,Hochschulen,4
1995,13,Lindenhof,11
1995,14,City,11
1995,21,Wollishofen,142
1995,23,Leimbach,37
1995,24,Enge,90
1995,31,Alt-Wiedikon,191
1995,33,Friesenberg,70
1995,34,Sihlfeld,234
1995,41,Werd,45
1995,42,Langstrasse,106
1995,44,Hard,142
1995,51,Gewerbeschule,104
1995,52,Escher Wyss,11
1995,61,Unterstrass,206
1995,63,Oberstrass,78
1995,71,Fluntern,40
1995,72,Hottingen,79
1995,73,Hirslanden,73
1995,74,Witikon,83
1995,81,Seefeld,43
1995,82,Mühlebach,59
1995,83,Weinegg,45
1995,91,Albisrieden,142
1995,92,Altstetten,273
1995,101,Höngg,153
1995,102,Wipkingen,177
1995,111,Affoltern,180
1995,115,Oerlikon,163
1995,119,Seebach,176
1995,121,Saatlen,44
1995,122,Schwamendingen-Mitte,79
1995,123,Hirzenbach,110
1996,11,Rathaus,26
1996,12,Hochschulen,2
1996,13,Lindenhof,11
1996,14,City,12
1996,21,Wollishofen,150
1996,23,Leimbach,30
1996,24,Enge,91
1996,31,Alt-Wiedikon,180
1996,33,Friesenberg,66
1996,34,Sihlfeld,223
1996,41,Werd,44
1996,42,Langstrasse,105
1996,44,Hard,155
1996,51,Gewerbeschule,111
1996,52,Escher Wyss,15
1996,61,Unterstrass,178
1996,63,Oberstrass,81
1996,71,Fluntern,49
1996,72,Hottingen,95
1996,73,Hirslanden,68
1996,74,Witikon,86
1996,81,Seefeld,35
1996,82,Mühlebach,32
1996,83,Weinegg,45
1996,91,Albisrieden,143
1996,92,Altstetten,273
1996,101,Höngg,168
1996,102,Wipkingen,173
1996,111,Affoltern,175
1996,115,Oerlikon,160
1996,119,Seebach,179
1996,121,Saatlen,49
1996,122,Schwamendingen-Mitte,104
1996,123,Hirzenbach,116
1997,11,Rathaus,13
1997,12,Hochschulen,1
1997,13,Lindenhof,8
1997,14,City,7
1997,21,Wollishofen,146
1997,23,Leimbach,34
1997,24,Enge,92
1997,31,Alt-Wiedikon,179
1997,33,Friesenberg,59
1997,34,Sihlfeld,265
1997,41,Werd,48
1997,42,Langstrasse,114
1997,44,Hard,131
1997,51,Gewerbeschule,99
1997,52,Escher Wyss,15
1997,61,Unterstrass,186
1997,63,Oberstrass,82
1997,71,Fluntern,53
1997,72,Hottingen,108
1997,73,Hirslanden,56
1997,74,Witikon,86
1997,81,Seefeld,47
1997,82,Mühlebach,35
1997,83,Weinegg,43
1997,91,Albisrieden,157
1997,92,Altstetten,258
1997,101,Höngg,176
1997,102,Wipkingen,148
1997,111,Affoltern,178
1997,115,Oerlikon,180
1997,119,Seebach,159
1997,121,Saatlen,69
1997,122,Schwamendingen-Mitte,101
1997,123,Hirzenbach,126
1998,11,Rathaus,14
1998,12,Hochschulen,5
1998,13,Lindenhof,8
1998,14,City,6
1998,21,Wollishofen,143
1998,23,Leimbach,38
1998,24,Enge,82
1998,31,Alt-Wiedikon,173
1998,33,Friesenberg,68
1998,34,Sihlfeld,211
1998,41,Werd,45
1998,42,Langstrasse,105
1998,44,Hard,154
1998,51,Gewerbeschule,107
1998,52,Escher Wyss,23
1998,61,Unterstrass,183
1998,63,Oberstrass,81
1998,71,Fluntern,52
1998,72,Hottingen,88
1998,73,Hirslanden,69
1998,74,Witikon,78
1998,81,Seefeld,43
1998,82,Mühlebach,38
1998,83,Weinegg,59
1998,91,Albisrieden,136
1998,92,Altstetten,241
1998,101,Höngg,172
1998,102,Wipkingen,175
1998,111,Affoltern,188
1998,115,Oerlikon,195
1998,119,Seebach,193
1998,121,Saatlen,71
1998,122,Schwamendingen-Mitte,96
1998,123,Hirzenbach,115
1999,11,Rathaus,24
1999,12,Hochschulen,3
1999,13,Lindenhof,7
1999,14,City,9
1999,21,Wollishofen,125
1999,23,Leimbach,43
1999,24,Enge,79
1999,31,Alt-Wiedikon,195
1999,33,Friesenberg,53
1999,34,Sihlfeld,234
1999,41,Werd,40
1999,42,Langstrasse,93
1999,44,Hard,128
1999,51,Gewerbeschule,105
1999,52,Escher Wyss,28
1999,61,Unterstrass,195
1999,63,Oberstrass,82
1999,71,Fluntern,55
1999,72,Hottingen,90
1999,73,Hirslanden,79
1999,74,Witikon,72
1999,81,Seefeld,39
1999,82,Mühlebach,39
1999,83,Weinegg,47
1999,91,Albisrieden,121
1999,92,Altstetten,300
1999,101,Höngg,179
1999,102,Wipkingen,168
1999,111,Affoltern,191
1999,115,Oerlikon,193
1999,119,Seebach,178
1999,121,Saatlen,72
1999,122,Schwamendingen-Mitte,114
1999,123,Hirzenbach,109
2000,11,Rathaus,17
2000,12,Hochschulen,5
2000,13,Lindenhof,2
2000,14,City,6
2000,21,Wollishofen,146
2000,23,Leimbach,36
2000,24,Enge,100
2000,31,Alt-Wiedikon,178
2000,33,Friesenberg,79
2000,34,Sihlfeld,214
2000,41,Werd,47
2000,42,Langstrasse,97
2000,44,Hard,123
2000,51,Gewerbeschule,117
2000,52,Escher Wyss,27
2000,61,Unterstrass,186
2000,63,Oberstrass,67
2000,71,Fluntern,60
2000,72,Hottingen,107
2000,73,Hirslanden,56
2000,74,Witikon,76
2000,81,Seefeld,46
2000,82,Mühlebach,50
2000,83,Weinegg,37
2000,91,Albisrieden,135
2000,92,Altstetten,296
2000,101,Höngg,208
2000,102,Wipkingen,160
2000,111,Affoltern,209
2000,115,Oerlikon,181
2000,119,Seebach,196
2000,121,Saatlen,66
2000,122,Schwamendingen-Mitte,125
2000,123,Hirzenbach,122
2001,11,Rathaus,15
2001,12,Hochschulen,4
2001,13,Lindenhof,5
2001,14,City,8
2001,21,Wollishofen,124
2001,23,Leimbach,36
2001,24,Enge,85
2001,31,Alt-Wiedikon,149
2001,33,Friesenberg,59
2001,34,Sihlfeld,250
2001,41,Werd,48
2001,42,Langstrasse,80
2001,44,Hard,153
2001,51,Gewerbeschule,97
2001,52,Escher Wyss,29
2001,61,Unterstrass,194
2001,63,Oberstrass,98
2001,71,Fluntern,61
2001,72,Hottingen,71
2001,73,Hirslanden,58
2001,74,Witikon,68
2001,81,Seefeld,58
2001,82,Mühlebach,38
2001,83,Weinegg,42
2001,91,Albisrieden,138
2001,92,Altstetten,290
2001,101,Höngg,185
2001,102,Wipkingen,139
2001,111,Affoltern,174
2001,115,Oerlikon,205
2001,119,Seebach,188
2001,121,Saatlen,69
2001,122,Schwamendingen-Mitte,115
2001,123,Hirzenbach,139
2002,11,Rathaus,18
2002,12,Hochschulen,5
2002,13,Lindenhof,12
2002,14,City,7
2002,21,Wollishofen,148
2002,23,Leimbach,37
2002,24,Enge,111
2002,31,Alt-Wiedikon,143
2002,33,Friesenberg,73
2002,34,Sihlfeld,235
2002,41,Werd,55
2002,42,Langstrasse,102
2002,44,Hard,129
2002,51,Gewerbeschule,105
2002,52,Escher Wyss,29
2002,61,Unterstrass,206
2002,63,Oberstrass,73
2002,71,Fluntern,56
2002,72,Hottingen,73
2002,73,Hirslanden,58
2002,74,Witikon,73
2002,81,Seefeld,61
2002,82,Mühlebach,50
2002,83,Weinegg,42
2002,91,Albisrieden,127
2002,92,Altstetten,314
2002,101,Höngg,190
2002,102,Wipkingen,143
2002,111,Affoltern,195
2002,115,Oerlikon,204
2002,119,Seebach,189
2002,121,Saatlen,62
2002,122,Schwamendingen-Mitte,110
2002,123,Hirzenbach,118
2003,11,Rathaus,17
2003,12,Hochschulen,2
2003,13,Lindenhof,13
2003,14,City,7
2003,21,Wollishofen,140
2003,23,Leimbach,40
2003,24,Enge,105
2003,31,Alt-Wiedikon,160
2003,33,Friesenberg,63
2003,34,Sihlfeld,249
2003,41,Werd,56
2003,42,Langstrasse,94
2003,44,Hard,137
2003,51,Gewerbeschule,112
2003,52,Escher Wyss,24
2003,61,Unterstrass,199
2003,63,Oberstrass,84
2003,71,Fluntern,58
2003,72,Hottingen,86
2003,73,Hirslanden,71
2003,74,Witikon,72
2003,81,Seefeld,47
2003,82,Mühlebach,50
2003,83,Weinegg,35
2003,91,Albisrieden,134
2003,92,Altstetten,316
2003,101,Höngg,206
2003,102,Wipkingen,168
2003,111,Affoltern,205
2003,115,Oerlikon,166
2003,119,Seebach,218
2003,121,Saatlen,66
2003,122,Schwamendingen-Mitte,104
2003,123,Hirzenbach,125
2004,11,Rathaus,14
2004,12,Hochschulen,4
2004,13,Lindenhof,10
2004,14,City,6
2004,21,Wollishofen,117
2004,23,Leimbach,34
2004,24,Enge,89
2004,31,Alt-Wiedikon,177
2004,33,Friesenberg,85
2004,34,Sihlfeld,236
2004,41,Werd,37
2004,42,Langstrasse,105
2004,44,Hard,112
2004,51,Gewerbeschule,106
2004,52,Escher Wyss,35
2004,61,Unterstrass,210
2004,63,Oberstrass,90
2004,71,Fluntern,99
2004,72,Hottingen,90
2004,73,Hirslanden,66
2004,74,Witikon,91
2004,81,Seefeld,41
2004,82,Mühlebach,58
2004,83,Weinegg,42
2004,91,Albisrieden,151
2004,92,Altstetten,308
2004,101,Höngg,242
2004,102,Wipkingen,170
2004,111,Affoltern,183
2004,115,Oerlikon,220
2004,119,Seebach,237
2004,121,Saatlen,71
2004,122,Schwamendingen-Mitte,123
2004,123,Hirzenbach,132
2005,11,Rathaus,19
2005,13,Lindenhof,6
2005,14,City,10
2005,21,Wollishofen,147
2005,23,Leimbach,43
2005,24,Enge,121
2005,31,Alt-Wiedikon,177
2005,33,Friesenberg,55
2005,34,Sihlfeld,256
2005,41,Werd,56
2005,42,Langstrasse,102
2005,44,Hard,125
2005,51,Gewerbeschule,97
2005,52,Escher Wyss,28
2005,61,Unterstrass,237
2005,63,Oberstrass,105
2005,71,Fluntern,87
2005,72,Hottingen,115
2005,73,Hirslanden,77
2005,74,Witikon,89
2005,81,Seefeld,41
2005,82,Mühlebach,69
2005,83,Weinegg,62
2005,91,Albisrieden,147
2005,92,Altstetten,291
2005,101,Höngg,200
2005,102,Wipkingen,163
2005,111,Affoltern,207
2005,115,Oerlikon,214
2005,119,Seebach,224
2005,121,Saatlen,71
2005,122,Schwamendingen-Mitte,112
2005,123,Hirzenbach,142
2006,11,Rathaus,16
2006,12,Hochschulen,6
2006,13,Lindenhof,7
2006,14,City,8
2006,21,Wollishofen,138
2006,23,Leimbach,51
2006,24,Enge,121
2006,31,Alt-Wiedikon,190
2006,33,Friesenberg,81
2006,34,Sihlfeld,233
2006,41,Werd,61
2006,42,Langstrasse,111
2006,44,Hard,115
2006,51,Gewerbeschule,123
2006,52,Escher Wyss,32
2006,61,Unterstrass,223
2006,63,Oberstrass,103
2006,71,Fluntern,93
2006,72,Hottingen,89
2006,73,Hirslanden,72
2006,74,Witikon,89
2006,81,Seefeld,64
2006,82,Mühlebach,44
2006,83,Weinegg,46
2006,91,Albisrieden,183
2006,92,Altstetten,313
2006,101,Höngg,248
2006,102,Wipkingen,181
2006,111,Affoltern,187
2006,115,Oerlikon,245
2006,119,Seebach,260
2006,121,Saatlen,65
2006,122,Schwamendingen-Mitte,112
2006,123,Hirzenbach,119
2007,11,Rathaus,24
2007,12,Hochschulen,2
2007,13,Lindenhof,6
2007,14,City,5
2007,21,Wollishofen,143
2007,23,Leimbach,64
2007,24,Enge,130
2007,31,Alt-Wiedikon,203
2007,33,Friesenberg,74
2007,34,Sihlfeld,259
2007,41,Werd,45
2007,42,Langstrasse,93
2007,44,Hard,141
2007,51,Gewerbeschule,114
2007,52,Escher Wyss,31
2007,61,Unterstrass,239
2007,63,Oberstrass,124
2007,71,Fluntern,91
2007,72,Hottingen,137
2007,73,Hirslanden,85
2007,74,Witikon,100
2007,81,Seefeld,62
2007,82,Mühlebach,43
2007,83,Weinegg,46
2007,91,Albisrieden,161
2007,92,Altstetten,308
2007,101,Höngg,210
2007,102,Wipkingen,191
2007,111,Affoltern,228
2007,115,Oerlikon,213
2007,119,Seebach,222
2007,121,Saatlen,80
2007,122,Schwamendingen-Mitte,120
2007,123,Hirzenbach,125
2008,11,Rathaus,13
2008,12,Hochschulen,7
2008,13,Lindenhof,5
2008,14,City,8
2008,21,Wollishofen,176
2008,23,Leimbach,57
2008,24,Enge,111
2008,31,Alt-Wiedikon,222
2008,33,Friesenberg,89
2008,34,Sihlfeld,267
2008,41,Werd,61
2008,42,Langstrasse,100
2008,44,Hard,124
2008,51,Gewerbeschule,102
2008,52,Escher Wyss,32
2008,61,Unterstrass,264
2008,63,Oberstrass,125
2008,71,Fluntern,91
2008,72,Hottingen,135
2008,73,Hirslanden,82
2008,74,Witikon,91
2008,81,Seefeld,48
2008,82,Mühlebach,49
2008,83,Weinegg,65
2008,91,Albisrieden,184
2008,92,Altstetten,320
2008,101,Höngg,252
2008,102,Wipkingen,187
2008,111,Affoltern,278
2008,115,Oerlikon,214
2008,119,Seebach,278
2008,121,Saatlen,66
2008,122,Schwamendingen-Mitte,116
2008,123,Hirzenbach,130
2009,11,Rathaus,32
2009,12,Hochschulen,1
2009,13,Lindenhof,6
2009,14,City,7
2009,21,Wollishofen,162
2009,23,Leimbach,58
2009,24,Enge,138
2009,31,Alt-Wiedikon,243
2009,33,Friesenberg,125
2009,34,Sihlfeld,263
2009,41,Werd,68
2009,42,Langstrasse,100
2009,44,Hard,148
2009,51,Gewerbeschule,130
2009,52,Escher Wyss,53
2009,61,Unterstrass,287
2009,63,Oberstrass,118
2009,71,Fluntern,83
2009,72,Hottingen,123
2009,73,Hirslanden,85
2009,74,Witikon,97
2009,81,Seefeld,71
2009,82,Mühlebach,59
2009,83,Weinegg,57
2009,91,Albisrieden,187
2009,92,Altstetten,377
2009,101,Höngg,259
2009,102,Wipkingen,214
2009,111,Affoltern,262
2009,115,Oerlikon,268
2009,119,Seebach,231
2009,121,Saatlen,84
2009,122,Schwamendingen-Mitte,107
2009,123,Hirzenbach,136
2010,11,Rathaus,16
2010,12,Hochschulen,8
2010,13,Lindenhof,6
2010,14,City,8
2010,21,Wollishofen,189
2010,23,Leimbach,65
2010,24,Enge,138
2010,31,Alt-Wiedikon,245
2010,33,Friesenberg,88
2010,34,Sihlfeld,286
2010,41,Werd,61
2010,42,Langstrasse,129
2010,44,Hard,148
2010,51,Gewerbeschule,98
2010,52,Escher Wyss,41
2010,61,Unterstrass,293
2010,63,Oberstrass,136
2010,71,Fluntern,95
2010,72,Hottingen,115
2010,73,Hirslanden,80
2010,74,Witikon,89
2010,81,Seefeld,72
2010,82,Mühlebach,53
2010,83,Weinegg,45
2010,91,Albisrieden,190
2010,92,Altstetten,342
2010,101,Höngg,223
2010,102,Wipkingen,218
2010,111,Affoltern,277
2010,115,Oerlikon,239
2010,119,Seebach,234
2010,121,Saatlen,92
2010,122,Schwamendingen-Mitte,128
2010,123,Hirzenbach,141
2011,11,Rathaus,21
2011,12,Hochschulen,4
2011,13,Lindenhof,6
2011,14,City,7
2011,21,Wollishofen,200
2011,23,Leimbach,52
2011,24,Enge,146
2011,31,Alt-Wiedikon,232
2011,33,Friesenberg,106
2011,34,Sihlfeld,266
2011,41,Werd,78
2011,42,Langstrasse,121
2011,44,Hard,130
2011,51,Gewerbeschule,136
2011,52,Escher Wyss,38
2011,61,Unterstrass,301
2011,63,Oberstrass,133
2011,71,Fluntern,92
2011,72,Hottingen,121
2011,73,Hirslanden,76
2011,74,Witikon,100
2011,81,Seefeld,50
2011,82,Mühlebach,66
2011,83,Weinegg,61
2011,91,Albisrieden,242
2011,92,Altstetten,341
2011,101,Höngg,217
2011,102,Wipkingen,224
2011,111,Affoltern,308
2011,115,Oerlikon,262
2011,119,Seebach,275
2011,121,Saatlen,81
2011,122,Schwamendingen-Mitte,135
2011,123,Hirzenbach,132
2012,11,Rathaus,31
2012,13,Lindenhof,9
2012,14,City,2
2012,21,Wollishofen,191
2012,23,Leimbach,74
2012,24,Enge,113
2012,31,Alt-Wiedikon,238
2012,33,Friesenberg,83
2012,34,Sihlfeld,286
2012,41,Werd,63
2012,42,Langstrasse,120
2012,44,Hard,132
2012,51,Gewerbeschule,112
2012,52,Escher Wyss,45
2012,61,Unterstrass,263
2012,63,Oberstrass,120
2012,71,Fluntern,96
2012,72,Hottingen,132
2012,73,Hirslanden,90
2012,74,Witikon,82
2012,81,Seefeld,70
2012,82,Mühlebach,55
2012,83,Weinegg,42
2012,91,Albisrieden,263
2012,92,Altstetten,344
2012,101,Höngg,253
2012,102,Wipkingen,190
2012,111,Affoltern,351
2012,115,Oerlikon,227
2012,119,Seebach,268
2012,121,Saatlen,80
2012,122,Schwamendingen-Mitte,104
2012,123,Hirzenbach,149
2013,11,Rathaus,23
2013,12,Hochschulen,4
2013,13,Lindenhof,9
2013,14,City,6
2013,21,Wollishofen,172
2013,23,Leimbach,85
2013,24,Enge,132
2013,31,Alt-Wiedikon,259
2013,33,Friesenberg,103
2013,34,Sihlfeld,305
2013,41,Werd,71
2013,42,Langstrasse,125
2013,44,Hard,134
2013,51,Gewerbeschule,113
2013,52,Escher Wyss,54
2013,61,Unterstrass,327
2013,63,Oberstrass,127
2013,71,Fluntern,81
2013,72,Hottingen,120
2013,73,Hirslanden,102
2013,74,Witikon,80
2013,81,Seefeld,57
2013,82,Mühlebach,67
2013,83,Weinegg,52
2013,91,Albisrieden,256
2013,92,Altstetten,366
2013,101,Höngg,256
2013,102,Wipkingen,171
2013,111,Affoltern,340
2013,115,Oerlikon,267
2013,119,Seebach,280
2013,121,Saatlen,84
2013,122,Schwamendingen-Mitte,155
2013,123,Hirzenbach,137
2014,11,Rathaus,30
2014,12,Hochschulen,2
2014,13,Lindenhof,10
2014,14,City,10
2014,21,Wollishofen,202
2014,23,Leimbach,55
2014,24,Enge,143
2014,31,Alt-Wiedikon,267
2014,33,Friesenberg,106
2014,34,Sihlfeld,307
2014,41,Werd,72
2014,42,Langstrasse,138
2014,44,Hard,160
2014,51,Gewerbeschule,115
2014,52,Escher Wyss,67
2014,61,Unterstrass,274
2014,63,Oberstrass,113
2014,71,Fluntern,79
2014,72,Hottingen,130
2014,73,Hirslanden,106
2014,74,Witikon,97
2014,81,Seefeld,92
2014,82,Mühlebach,70
2014,83,Weinegg,56
2014,91,Albisrieden,246
2014,92,Altstetten,381
2014,101,Höngg,252
2014,102,Wipkingen,247
2014,111,Affoltern,346
2014,115,Oerlikon,278
2014,119,Seebach,333
2014,121,Saatlen,81
2014,122,Schwamendingen-Mitte,135
2014,123,Hirzenbach,145
2015,11,Rathaus,21
2015,12,Hochschulen,4
2015,13,Lindenhof,5
2015,14,City,5
2015,21,Wollishofen,208
2015,23,Leimbach,90
2015,24,Enge,153
2015,31,Alt-Wiedikon,270
2015,33,Friesenberg,99
2015,34,Sihlfeld,302
2015,41,Werd,72
2015,42,Langstrasse,109
2015,44,Hard,150
2015,51,Gewerbeschule,108
2015,52,Escher Wyss,81
2015,61,Unterstrass,304
2015,63,Oberstrass,115
2015,71,Fluntern,92
2015,72,Hottingen,130
2015,73,Hirslanden,82
2015,74,Witikon,105
2015,81,Seefeld,71
2015,82,Mühlebach,63
2015,83,Weinegg,28
2015,91,Albisrieden,238
2015,92,Altstetten,406
2015,101,Höngg,308
2015,102,Wipkingen,242
2015,111,Affoltern,367
2015,115,Oerlikon,270
2015,119,Seebach,310
2015,121,Saatlen,112
2015,122,Schwamendingen-Mitte,129
2015,123,Hirzenbach,142
2016,11,Rathaus,17
2016,12,Hochschulen,1
2016,13,Lindenhof,7
2016,14,City,7
2016,21,Wollishofen,183
2016,23,Leimbach,81
2016,24,Enge,136
2016,31,Alt-Wiedikon,255
2016,33,Friesenberg,102
2016,34,Sihlfeld,321
2016,41,Werd,78
2016,42,Langstrasse,121
2016,44,Hard,146
2016,51,Gewerbeschule,117
2016,52,Escher Wyss,94
2016,61,Unterstrass,260
2016,63,Oberstrass,129
2016,71,Fluntern,93
2016,72,Hottingen,131
2016,73,Hirslanden,79
2016,74,Witikon,94
2016,81,Seefeld,72
2016,82,Mühlebach,88
2016,83,Weinegg,53
2016,91,Albisrieden,259
2016,92,Altstetten,389
2016,101,Höngg,278
2016,102,Wipkingen,249
2016,111,Affoltern,332
2016,115,Oerlikon,257
2016,119,Seebach,356
2016,121,Saatlen,97
2016,122,Schwamendingen-Mitte,141
2016,123,Hirzenbach,153
2017,11,Rathaus,18
2017,12,Hochschulen,3
2017,13,Lindenhof,8
2017,14,City,10
2017,21,Wollishofen,228
2017,23,Leimbach,70
2017,24,Enge,156
2017,31,Alt-Wiedikon,287
2017,33,Friesenberg,96
2017,34,Sihlfeld,305
2017,41,Werd,55
2017,42,Langstrasse,117
2017,44,Hard,135
2017,51,Gewerbeschule,113
2017,52,Escher Wyss,110
2017,61,Unterstrass,305
2017,63,Oberstrass,110
2017,71,Fluntern,84
2017,72,Hottingen,137
2017,73,Hirslanden,104
2017,74,Witikon,87
2017,81,Seefeld,63
2017,82,Mühlebach,58
2017,83,Weinegg,51
2017,91,Albisrieden,313
2017,92,Altstetten,359
2017,101,Höngg,274
2017,102,Wipkingen,248
2017,111,Affoltern,326
2017,115,Oerlikon,277
2017,119,Seebach,325
2017,121,Saatlen,117
2017,122,Schwamendingen-Mitte,133
2017,123,Hirzenbach,158
2018,11,Rathaus,31
2018,12,Hochschulen,2
2018,13,Lindenhof,8
2018,14,City,6
2018,21,Wollishofen,263
2018,23,Leimbach,86
2018,24,Enge,156
2018,31,Alt-Wiedikon,230
2018,33,Friesenberg,117
2018,34,Sihlfeld,270
2018,41,Werd,76
2018,42,Langstrasse,110
2018,44,Hard,123
2018,51,Gewerbeschule,95
2018,52,Escher Wyss,93
2018,61,Unterstrass,296
2018,63,Oberstrass,103
2018,71,Fluntern,82
2018,72,Hottingen,147
2018,73,Hirslanden,89
2018,74,Witikon,107
2018,81,Seefeld,76
2018,82,Mühlebach,80
2018,83,Weinegg,54
2018,91,Albisrieden,305
2018,92,Altstetten,390
2018,101,Höngg,285
2018,102,Wipkingen,256
2018,111,Affoltern,318
2018,115,Oerlikon,280
2018,119,Seebach,302
2018,121,Saatlen,99
2018,122,Schwamendingen-Mitte,107
2018,123,Hirzenbach,170
2019,11,Rathaus,33
2019,12,Hochschulen,6
2019,13,Lindenhof,5
2019,14,City,7
2019,21,Wollishofen,269
2019,23,Leimbach,56
2019,24,Enge,155
2019,31,Alt-Wiedikon,238
2019,33,Friesenberg,85
2019,34,Sihlfeld,328
2019,41,Werd,76
2019,42,Langstrasse,124
2019,44,Hard,141
2019,51,Gewerbeschule,102
2019,52,Escher Wyss,104
2019,61,Unterstrass,299
2019,63,Oberstrass,97
2019,71,Fluntern,112
2019,72,Hottingen,124
2019,73,Hirslanden,90
2019,74,Witikon,96
2019,81,Seefeld,53
2019,82,Mühlebach,69
2019,83,Weinegg,46
2019,91,Albisrieden,328
2019,92,Altstetten,393
2019,101,Höngg,269
2019,102,Wipkingen,220
2019,111,Affoltern,301
2019,115,Oerlikon,255
2019,119,Seebach,283
2019,121,Saatlen,84
2019,122,Schwamendingen-Mitte,116
2019,123,Hirzenbach,170
2020,11,Rathaus,11
2020,12,Hochschulen,2
2020,13,Lindenhof,11
2020,14,City,9
2020,21,Wollishofen,266
2020,23,Leimbach,66
2020,24,Enge,152
2020,31,Alt-Wiedikon,237
2020,33,Friesenberg,102
2020,34,Sihlfeld,265
2020,41,Werd,80
2020,42,Langstrasse,117
2020,44,Hard,139
2020,51,Gewerbeschule,107
2020,52,Escher Wyss,97
2020,61,Unterstrass,314
2020,63,Oberstrass,149
2020,71,Fluntern,91
2020,72,Hottingen,129
2020,73,Hirslanden,91
2020,74,Witikon,111
2020,81,Seefeld,76
2020,82,Mühlebach,73
2020,83,Weinegg,66
2020,91,Albisrieden,307
2020,92,Altstetten,390
2020,101,Höngg,272
2020,102,Wipkingen,227
2020,111,Affoltern,280
2020,115,Oerlikon,253
2020,119,Seebach,295
2020,121,Saatlen,98
2020,122,Schwamendingen-Mitte,109
2020,123,Hirzenbach,141
2021,11,Rathaus,19
2021,12,Hochschulen,1
2021,13,Lindenhof,5
2021,14,City,8
2021,21,Wollishofen,285
2021,23,Leimbach,73
2021,24,Enge,185
2021,31,Alt-Wiedikon,201
2021,33,Friesenberg,71
2021,34,Sihlfeld,281
2021,41,Werd,61
2021,42,Langstrasse,148
2021,44,Hard,144
2021,51,Gewerbeschule,98
2021,52,Escher Wyss,120
2021,61,Unterstrass,306
2021,63,Oberstrass,105
2021,71,Fluntern,87
2021,72,Hottingen,144
2021,73,Hirslanden,94
2021,74,Witikon,108
2021,81,Seefeld,87
2021,82,Mühlebach,72
2021,83,Weinegg,61
2021,91,Albisrieden,298
2021,92,Altstetten,386
2021,101,Höngg,283
2021,102,Wipkingen,229
2021,111,Affoltern,290
2021,115,Oerlikon,288
2021,119,Seebach,311
2021,121,Saatlen,96
2021,122,Schwamendingen-Mitte,128
2021,123,Hirzenbach,188
2022,11,Rathaus,18
2022,12,Hochschulen,1
2022,13,Lindenhof,6
2022,14,City,8
2022,21,Wollishofen,270
2022,23,Leimbach,63
2022,24,Enge,136
2022,31,Alt-Wiedikon,215
2022,33,Friesenberg,67
2022,34,Sihlfeld,258
2022,41,Werd,65
2022,42,Langstrasse,105
2022,44,Hard,128
2022,51,Gewerbeschule,91
2022,52,Escher Wyss,72
2022,61,Unterstrass,278
2022,63,Oberstrass,85
2022,71,Fluntern,74
2022,72,Hottingen,112
2022,73,Hirslanden,67
2022,74,Witikon,94
2022,81,Seefeld,47
2022,82,Mühlebach,53
2022,83,Weinegg,47
2022,91,Albisrieden,257
2022,92,Altstetten,383
2022,101,Höngg,240
2022,102,Wipkingen,200
2022,111,Affoltern,252
2022,115,Oerlikon,229
2022,119,Seebach,290
2022,121,Saatlen,85
2022,122,Schwamendingen-Mitte,110
2022,123,Hirzenbach,132
2023,11,Rathaus,16
2023,12,Hochschulen,1
2023,13,Lindenhof,9
2023,14,City,8
2023,21,Wollishofen,251
2023,23,Leimbach,68
2023,24,Enge,155
2023,31,Alt-Wiedikon,194
2023,33,Friesenberg,59
2023,34,Sihlfeld,258
2023,41,Werd,61
2023,42,Langstrasse,103
2023,44,Hard,124
2023,51,Gewerbeschule,83
2023,52,Escher Wyss,79
2023,61,Unterstrass,243
2023,63,Oberstrass,120
2023,71,Fluntern,63
2023,72,Hottingen,110
2023,73,Hirslanden,70
2023,74,Witikon,105
2023,81,Seefeld,72
2023,82,Mühlebach,63
2023,83,Weinegg,47
2023,91,Albisrieden,241
2023,92,Altstetten,416
2023,101,Höngg,210
2023,102,Wipkingen,174
2023,111,Affoltern,275
2023,115,Oerlikon,216
2023,119,Seebach,269
2023,121,Saatlen,80
2023,122,Schwamendingen-Mitte,88
2023,123,Hirzenbach,144
2024,11,Rathaus,14
2024,12,Hochschulen,1
2024,13,Lindenhof,7
2024,14,City,3
2024,21,Wollishofen,242
2024,23,Leimbach,63
2024,24,Enge,125
2024,31,Alt-Wiedikon,200
2024,33,Friesenberg,72
2024,34,Sihlfeld,215
2024,41,Werd,69
2024,42,Langstrasse,94
2024,44,Hard,110
2024,51,Gewerbeschule,87
2024,52,Escher Wyss,71
2024,61,Unterstrass,268
2024,63,Oberstrass,91
2024,71,Fluntern,72
2024,72,Hottingen,90
2024,73,Hirslanden,70
2024,74,Witikon,84
2024,81,Seefeld,65
2024,82,Mühlebach,70
2024,83,Weinegg,58
2024,91,Albisrieden,222
2024,92,Altstetten,366
2024,101,Höngg,233
2024,102,Wipkingen,205
2024,111,Affoltern,284
2024,115,Oerlikon,214
2024,119,Seebach,294
2024,121,Saatlen,68
2024,122,Schwamendingen-Mitte,107
2024,123,Hirzenbach,111
2025,11,Rathaus,22
2025,13,Lindenhof,7
2025,14,City,2
2025,21,Wollishofen,291
2025,23,Leimbach,59
2025,24,Enge,132
2025,31,Alt-Wiedikon,212
2025,33,Friesenberg,77
2025,34,Sihlfeld,249
2025,41,Werd,65
2025,42,Langstrasse,113
2025,44,Hard,113
2025,51,Gewerbeschule,89
2025,52,Escher Wyss,75
2025,61,Unterstrass,256
2025,63,Oberstrass,97
2025,71,Fluntern,80
2025,72,Hottingen,93
2025,73,Hirslanden,79
2025,74,Witikon,104
2025,81,Seefeld,54
2025,82,Mühlebach,65
2025,83,Weinegg,51
2025,91,Albisrieden,251
2025,92,Altstetten,423
2025,101,Höngg,214
2025,102,Wipkingen,178
2025,111,Affoltern,262
2025,115,Oerlikon,236
2025,119,Seebach,292
2025,121,Saatlen,69
2025,122,Schwamendingen-Mitte,108
2025,123,Hirzenbach,117
